<updates>
<update>
<name>Mandatly | Cookie Compliance and Consent Solution</name>
<description>
<![CDATA[ The easy-to-use cookie compliance and consent solution allows you to manage cookie consents and assists in becoming compliant with GDPR, CCPA/CPRA, LGPD, e-privacy directive and other regulations. ]]>
</description>
<type>plugin</type>
<folder>system</folder>
<version>1.1.1</version>
<downloads>
<downloadurl type="full" format="zip">https://raw.githubusercontent.com/mandatly-inc/joomla-plugin/refs/heads/main/plg_system_mandatly-v1.1.1.zip</downloadurl>
</downloads>
<tags>stable</tags>
<maintainer>mandatly-inc</maintainer>
<maintainerurl>https://github.com/mandatly-inc/joomla-plugin</maintainerurl>
<targetplatform name="joomla" version="4.0|*"/>
</update>
</updates>